Workbook

Sheet Organizations
A1: org_id | B1: org_name | C1: region
A2: ORG-001 | B2: Helios Trading Co. | C2: Americas
A3: ORG-002 | B3: Meridian Commodities Ltd. | C3: EMEA
A4: ORG-003 | B4: Pinnacle Global Supply | C4: APAC

Sheet Line Items
A1: item_id | B1: po_ref_no | C1: description | D1: item_quantity | E1: unit | F1: unit_price | G1: address | H1: line_total
A2: LI-00001 | B2: PO-2025-1000 | C2: Citric acid anhydrous | D2: 3598 | E2: kg | F2: 1.64 | G2: per kg | H2: =D2*F2 -> 5900.72
A3: LI-00002 | B3: PO-2025-1000 | C3: Pallet wooden 48x40 | D3: 1001 | E3: unit | F3: 13.49 | G3: per unit | H3: =D3*F3 -> 13503.49
A4: LI-00003 | B4: PO-2025-1000 | C4: Rolled oats organic | D4: 2779 | E4: kg | F4: 1.23 | G4: per kg | H4: =D4*F4 -> 3418.17
A5: LI-00004 | B5: PO-2025-1000 | C5: Ethanol 96% | D5: 1895 | E5: liter | F5: 1.71 | G5: per liter | H5: =D5*F5 -> 3240.45
A6: LI-00005 | B6: PO-2025-1000 | C6: Combed cotton yarn 30s | D6: 591 | E6: cone | F6: 5.27 | G6: per cone | H6: =D6*F6 -> 3114.57
A7: LI-00006 | B7: PO-2025-1000 | C7: Woven fabric 44in | D7: 1885 | E7: meter | F7: 2.2 | G7: per meter | H7: =D7*F7 -> 4147
A8: LI-00007 | B8: PO-2025-1000 | C8: Woven fabric 44in | D8: 2716 | E8: meter | F8: 2.21 | G8: per meter | H8: =D8*F8 -> 6002.36
A9: LI-00008 | B9: PO-2025-1000 | C9: PCB assembly rev-C | D9: 2291 | E9: unit | F9: 5.51 | G9: per unit | H9: =D9*F9 -> 12623.41
A10: LI-00009 | B10: PO-2025-1000 | C10: Lithium cell 18650 | D10: 4427 | E10: unit | F10: 0.99 | G10: per unit | H10: =D10*F10 -> 4382.73
A11: LI-00010 | B11: PO-2025-1000 | C11: Silica gel desiccant | D11: 4730 | E11: kg | F11: 2.95 | G11: per kg | H11: =D11*F11 -> 13953.5
A12: LI-00011 | B12: PO-2025-1000 | C12: Stainless bolt M8 | D12: 3344 | E12: unit | F12: 0.08 | G12: per unit | H12: =D12*F12 -> 267.52
A13: LI-00012 | B13: PO-2025-1000 | C13: Cane sugar granulated | D13: 3541 | E13: kg | F13: 0.91 | G13: per kg | H13: =D13*F13 -> 3222.31
... A3451: LI-03450 | B3451: PO-2025-1041 | C3451: Stretch wrap film 20in | D3451: 3135 | E3451: roll | F3451: 10.43 | G3451: per roll | H3451: =D3451*F3451 -> 32698.05
A3452: TOTAL | H3452: =SUM(H2:H3451) -> 4.6161874e+09

Sheet Summary
A1: org_id | C1: po_ref_no | D1: po_date | E1: payment_terms | F1: delivery_terms | G1: status | H1: item_count | I1: line_item_total
A2: ORG-001 | B2: Granite Construction Materials | C2: PO-2025-1000 | D2: 45686 | E2: Net 15 | F2: CIF | G2: DRAFT | H2: =COUNTIF('Line Items'!$B$2:$B$3451,C2) -> 51 | I2: =SUMIF('Line Items'!$B$2:$B$3451,C2,'Line Items'!$H$2:$H$3451) -> 32883415
A3: ORG-002 | B3: Sierra Metals Corp. | C3: PO-2025-1001 | D3: 45693 | E3: Net 15 | F3: EXW | G3: FINALIZED | H3: =COUNTIF('Line Items'!$B$2:$B$3451,C3) -> 31 | I3: =SUMIF('Line Items'!$B$2:$B$3451,C3,'Line Items'!$H$2:$H$3451) -> 40944632
A4: ORG-003 | B4: Fjord Marine Supplies | C4: PO-2025-1002 | D4: 45766 | E4: Net 15 | F4: FOB Origin | G4: ARCHIVED | H4: =COUNTIF('Line Items'!$B$2:$B$3451,C4) -> 31 | I4: =SUMIF('Line Items'!$B$2:$B$3451,C4,'Line Items'!$H$2:$H$3451) -> 11703038
A5: ORG-001 | B5: Sierra Metals Corp. | C5: PO-2025-1003 | D5: 45717 | E5: Net 15 | F5: EXW | G5: DRAFT | H5: =COUNTIF('Line Items'!$B$2:$B$3451,C5) -> 45 | I5: =SUMIF('Line Items'!$B$2:$B$3451,C5,'Line Items'!$H$2:$H$3451) -> 87072734
A6: ORG-002 | B6: Horizon Pharma Ingredients | C6: PO-2025-1004 | D6: 45824 | E6: Net 60 | F6: FOB Destination | G6: FINALIZED | H6: =COUNTIF('Line Items'!$B$2:$B$3451,C6) -> 77 | I6: =SUMIF('Line Items'!$B$2:$B$3451,C6,'Line Items'!$H$2:$H$3451) -> 2.3810585e+08
A7: ORG-003 | B7: Fjord Marine Supplies | C7: PO-2025-1005 | D7: 45729 | E7: Net 15 | F7: FOB Destination | G7: ARCHIVED | H7: =COUNTIF('Line Items'!$B$2:$B$3451,C7) -> 109 | I7: =SUMIF('Line Items'!$B$2:$B$3451,C7,'Line Items'!$H$2:$H$3451) -> 1.8405065e+08
A8: ORG-001 | B8: Cobalt Instruments | C8: PO-2025-1006 | D8: 45745 | E8: Net 45 | F8: FOB Destination | G8: DRAFT | H8: =COUNTIF('Line Items'!$B$2:$B$3451,C8) -> 47 | I8: =SUMIF('Line Items'!$B$2:$B$3451,C8,'Line Items'!$H$2:$H$3451) -> 1.3761367e+08
A9: ORG-002 | B9: Ionix Semiconductors | C9: PO-2025-1007 | D9: 45744 | E9: Net 15 | F9: FOB Origin | G9: FINALIZED | H9: =COUNTIF('Line Items'!$B$2:$B$3451,C9) -> 68 | I9: =SUMIF('Line Items'!$B$2:$B$3451,C9,'Line Items'!$H$2:$H$3451) -> 1.2161016e+08
A10: ORG-003 | B10: Cascade Foods Inc. | C10: PO-2025-1008 | D10: 45749 | E10: Net 45 | F10: EXW | G10: ARCHIVED | H10: =COUNTIF('Line Items'!$B$2:$B$3451,C10) -> 53 | I10: =SUMIF('Line Items'!$B$2:$B$3451,C10,'Line Items'!$H$2:$H$3451) -> 23138667
A11: ORG-001 | B11: Ionix Semiconductors | C11: PO-2025-1009 | D11: 45669 | E11: Net 60 | F11: EXW | G11: DRAFT | H11: =COUNTIF('Line Items'!$B$2:$B$3451,C11) -> 35 | I11: =SUMIF('Line Items'!$B$2:$B$3451,C11,'Line Items'!$H$2:$H$3451) -> 52411438
A12: ORG-002 | B12: Kestrel Auto Parts | C12: PO-2025-1010 | D12: 45754 | E12: Net 15 | F12: EXW | G12: FINALIZED | H12: =COUNTIF('Line Items'!$B$2:$B$3451,C12) -> 57 | I12: =SUMIF('Line Items'!$B$2:$B$3451,C12,'Line Items'!$H$2:$H$3451) -> 83105447
A13: ORG-003 | B13: Juniper Paper Mills | C13: PO-2025-1011 | D13: 45818 | E13: Net 45 | F13: EXW | G13: ARCHIVED | H13: =COUNTIF('Line Items'!$B$2:$B$3451,C13) -> 44 | I13: =SUMIF('Line Items'!$B$2:$B$3451,C13,'Line Items'!$H$2:$H$3451) -> 99632466
... A43: ORG-003 | B43: Everest Polymers | C43: PO-2025-1041 | D43: 45834 | E43: Net 30 | F43: CIF | G43: ARCHIVED | H43: =COUNTIF('Line Items'!$B$2:$B$3451,C43) -> 71 | I43: =SUMIF('Line Items'!$B$2:$B$3451,C43,'Line Items'!$H$2:$H$3451) -> 64762440
A44: GRAND TOTAL | H44: =SUM(H2:H43) -> 3450 | I44: =SUM(I2:I43) -> 4.6161874e+09

Sheet Dashboard
A1: Tradebook Dashboard (XL)
A3: Metric | B3: Value
A4: Total contracts | B4: =COUNTA(Summary!C2:C43) -> 42
A5: Total line items | B5: =COUNTA('Line Items'!A2:A3451) -> 3450
A6: Grand contract value | B6: =SUM('Line Items'!H2:H3451) -> 4.6161874e+09
A7: Average line value | B7: =AVERAGE('Line Items'!H2:H3451) -> 1338025.3
A8: Largest line value | B8: =MAX('Line Items'!H2:H3451) -> 42533341
A9: DRAFT contracts | B9: =COUNTIF(Summary!G2:G43,"DRAFT") -> 14
A10: FINALIZED contracts | B10: =COUNTIF(Summary!G2:G43,"FINALIZED") -> 14
A11: ARCHIVED contracts | B11: =COUNTIF(Summary!G2:G43,"ARCHIVED") -> 14
A13: By Organization
A14: org_id | B14: contracts | C14: total_value
A15: ORG-001 | B15: =COUNTIF(Summary!$A$2:$A$43,A15) -> 14 | C15: =SUMIF(Summary!$A$2:$A$43,A15,Summary!$I$2:$I$43) -> 1.3584229e+09
A16: ORG-002 | B16: =COUNTIF(Summary!$A$2:$A$43,A16) -> 14 | C16: =SUMIF(Summary!$A$2:$A$43,A16,Summary!$I$2:$I$43) -> 1.6144447e+09
A17: ORG-003 | B17: =COUNTIF(Summary!$A$2:$A$43,A17) -> 14 | C17: =SUMIF(Summary!$A$2:$A$43,A17,Summary!$I$2:$I$43) -> 1.6433199e+09
